gxyName,alenRank,math_initial_theta,pitch_angle,math_initial_radius,relative_theta_start,relative_theta_end,r_start,r_end,used2rev,failed2rev,hasUndefinedEndpoints,arc_length,num_pixels,err_per_len,err_per_pixel,mean_intensity,brt_ratio_score,anovaF_score,clusOutputColor
1237666338116993064_r,1,1.346038,-10.304113,31.798377,0,6.250885,31.798377,99.073013,1,0,0,376.103139,5451,226.509238,15.628478,0.376089,1.132737,643.291196,[1 0 0.6667]
1237666338116993064_r,2,6.652234,-24.168227,46.148078,0,2.401073,46.148078,135.549992,0,0,0,218.363862,3706,394.774895,23.260812,0.337734,1.358982,1146.341798,[0.6667 1 0]
1237666338116993064_r,3,8.412885,-7.026046,70.482529,0,2.024419,70.482529,90.456263,0,0,0,163.290123,2259,76.297467,5.515105,0.278245,1.163487,645.432269,[1 0.6667 0]
1237666338116993064_r,4,10.440585,-42.179245,66.484803,0,0.780533,66.484803,134.855342,0,0,0,101.82488,1083,109.617848,10.306394,0.273903,1.109096,112.650061,[0 0.6667 1]
1237666338116993064_r,5,10.900208,-11.940791,86.311557,0,0.876829,86.311557,103.896217,0,0,0,84.990793,675,20.580455,2.591332,0.234635,1.067435,44.109012,[0.6667 0 1]
1237666338116993064_r,6,4.801023,-2.708772,37.426742,0,2.144746,37.426742,41.423909,0,0,0,84.579331,1016,122.853823,10.227258,0.547914,1.112248,426.154963,[0 0 1]
1237666338116993064_r,7,10.967712,-7.350874,123.462676,0,0.263794,123.462676,127.736536,0,0,0,33.403817,192,3.670455,0.638579,0.216569,1.299526,243.922459,[0 1 0]
1237666338116993064_r,8,10.223928,28.087103,140.660998,0,0.100904,133.286903,140.660998,0,0,0,15.662461,109,4.458342,0.640629,0.146819,2.90235,179.65225,[1 0 0]
1237666338116993064_r,9,7.696205,4.734028,99.209289,0,0.122413,98.20865,99.209289,0,0,0,12.1245,110,23.571641,2.598131,0.307274,1.200787,187.978041,[0 1 0.6667]
