gxyName,alenRank,math_initial_theta,pitch_angle,math_initial_radius,relative_theta_start,relative_theta_end,r_start,r_end,used2rev,failed2rev,hasUndefinedEndpoints,arc_length,num_pixels,err_per_len,err_per_pixel,mean_intensity,brt_ratio_score,anovaF_score,clusOutputColor
1237666338116993064_r,1,7.685808,-10.283880,30.354727,0.000000,4.753706,30.354727,71.913608,0,0,0,232.789756,2768.000000,105.207127,8.847956,0.419176,1.097517,365.705503,[0 0.5714 1]
1237666338116993064_r,2,6.687856,-24.630266,43.839623,0.000000,2.337361,43.839623,128.016530,0,0,0,201.978840,3275.000000,353.813730,21.820729,0.338452,1.351563,1123.131756,[1 0.8571 0]
1237666338116993064_r,3,8.581879,-6.924698,68.303643,0.000000,1.765909,68.303643,84.642289,0,0,0,135.517570,1681.000000,53.188870,4.287940,0.277247,1.164124,600.819031,[1 0 0]
1237666338116993064_r,4,10.708162,-39.287453,83.910280,0.000000,0.575954,83.910280,134.417454,0,0,0,79.763526,1066.000000,102.337911,7.657442,0.245181,1.222017,534.173111,[0.2857 1 0]
1237666338116993064_r,5,6.563964,-26.045324,69.316283,0.000000,0.791125,69.316283,102.034657,0,0,0,74.515405,829.000000,72.272317,6.496262,0.283142,1.121882,129.262668,[0.2857 0 1]
1237666338116993064_r,6,5.159360,-2.223536,35.280133,0.000000,1.840292,35.280133,37.893286,0,0,0,67.352311,710.000000,99.818797,9.469052,0.556080,1.082533,201.154080,[0 1 0.5714]
1237666338116993064_r,7,6.416206,-6.350343,66.179684,0.000000,0.402882,66.179684,69.214507,0,0,0,27.437734,177.000000,13.411150,2.078935,0.344506,1.031232,13.852783,[1 0 0.8571]
