gxyName,alenRank,math_initial_theta,pitch_angle,math_initial_radius,relative_theta_start,relative_theta_end,r_start,r_end,used2rev,failed2rev,hasUndefinedEndpoints,arc_length,num_pixels,err_per_len,err_per_pixel,mean_intensity,brt_ratio_score,anovaF_score,clusOutputColor
1237667735565238388,1,6.821518,22.428248,104.503754,0.000000,3.730877,22.405677,104.503754,0,0,0,215.183358,2704.000000,243.940346,19.412686,0.466286,1.068830,56.168893,[0 1 1]
1237667735565238388,2,9.562853,31.359337,123.817612,0.000000,1.964676,37.392838,123.817612,0,0,0,166.072549,2429.000000,238.926745,16.335601,0.454963,1.079432,109.778146,[1 0 0]
1237667735565238388,3,5.883353,3.347097,21.585723,0.000000,1.907550,19.307047,21.585723,0,0,0,39.028683,450.000000,136.884906,11.872084,0.791274,1.036702,74.438585,[0.5 0 1]
1237667735565238388,4,8.925695,34.384840,30.214247,0.000000,1.817987,8.707795,30.214247,0,0,0,38.081458,266.000000,70.049181,10.028477,0.767346,0.992830,1.460497,[0.5 1 0]
