gxyName	alenRank	math_initial_theta	pitch_angle	math_initial_radius	relative_theta_start	relative_theta_end	r_start	r_end	used2rev	failed2rev	hasUndefinedEndpoints	arc_length	num_pixels	err_per_len	err_per_pixel	mean_intensity	brt_ratio_score	anovaF_score	clusOutputColor
1237664093973512232	1	6.613090	-3.269447	50.816124	0.000000	4.030883	50.816124	63.973979	0	0	0	230.711422	4566.000000	1568.180051	79.237199	0.568427	1.185696	1072.479799	[1_1_0]
1237664093973512232	2	8.411982	-11.822556	46.153707	0.000000	1.085311	46.153707	57.925434	0	0	0	57.456302	419.000000	32.700470	4.484124	0.588630	1.046111	56.517424	[1_0_0]
1237664093973512232	3	10.562553	-15.078561	32.971547	0.000000	1.343837	32.971547	47.356339	0	0	0	55.295660	789.000000	186.274514	13.054718	0.626653	1.049042	91.470011	[0_1_0]
1237664093973512232	4	6.006723	-37.014672	55.862541	0.000000	0.510859	55.862541	82.109960	0	0	0	43.598950	308.000000	28.938701	4.096419	0.421040	1.142847	68.518129	[1_0_1]
1237664093973512232	5	6.168611	-46.301863	52.077295	0.000000	0.439216	52.077295	82.464844	0	0	0	42.030409	265.000000	30.550862	4.845529	0.437347	1.076330	16.128592	[0_0_1]
1237664093973512232	6	11.546734	-38.841011	53.756852	0.000000	0.314674	53.756852	69.258536	0	0	0	24.717212	313.000000	213.595690	16.867380	0.442591	1.125619	101.505815	[0_1_1]
