gxyName	alenRank	math_initial_theta	pitch_angle	math_initial_radius	relative_theta_start	relative_theta_end	r_start	r_end	used2rev	failed2rev	hasUndefinedEndpoints	arc_length	num_pixels	err_per_len	err_per_pixel	mean_intensity	brt_ratio_score	anovaF_score	clusOutputColor
1237662239093424322	1	9.488371	9.123182	56.208282	0.000000	2.645208	36.754940	56.208282	0	0	0	122.689458	1923.000000	2322.243557	148.161624	0.668368	1.038523	20.515606	[1_1_0]
1237662239093424322	2	6.773460	17.946314	70.157105	0.000000	2.146130	35.010208	70.157105	0	0	0	114.066743	1723.000000	593.864776	39.315276	0.637802	1.058230	37.873371	[0_0_1]
1237662239093424322	3	10.028006	22.144640	86.770788	0.000000	1.051899	56.553269	86.770788	0	0	0	80.164048	1003.000000	168.707411	13.483818	0.463533	1.138572	188.184690	[0_1_1]
1237662239093424322	4	8.271927	-27.600320	106.840367	0.000000	0.227424	106.840367	120.329274	0	0	0	29.114782	207.000000	11.377984	1.600326	0.231014	1.066055	93.529393	[0_1_0]
1237662239093424322	5	8.860525	-33.754946	63.141936	0.000000	0.335086	63.141936	78.990264	0	0	0	28.522552	820.000000	2498.355984	86.901815	0.499749	1.061165	31.477102	[1_0_0]
1237662239093424322	6	6.316118	-21.296261	72.417141	0.000000	0.134505	72.417141	76.315372	0	0	0	10.733298	312.000000	1388.649281	47.771750	0.420506	1.040921	7.112466	[1_0_1]
