gxyName,alenRank,math_initial_theta,pitch_angle,math_initial_radius,relative_theta_start,relative_theta_end,r_start,r_end,used2rev,failed2rev,hasUndefinedEndpoints,arc_length,num_pixels,err_per_len,err_per_pixel,mean_intensity,brt_ratio_score,anovaF_score,clusOutputColor
1237662305650999364,1,4.176999,-15.235987,33.293787,0.000000,4.777423,33.293787,122.313885,0,0,0,338.743189,5004.000000,313.219463,21.203229,0.354056,1.222743,645.310838,[0 1 0.6667]
1237662305650999364,2,8.660525,-25.756981,47.322863,0.000000,1.699207,47.322863,107.431038,0,0,0,138.321212,1577.000000,95.378468,8.365799,0.352305,1.254388,603.847956,[1 0 0]
1237662305650999364,3,9.704535,-0.801749,67.782028,0.000000,1.349544,67.782028,69.074298,0,0,0,92.353093,980.000000,98.491725,9.281648,0.376846,1.124582,681.176131,[0 1 0]
1237662305650999364,4,5.549776,-25.268206,71.516570,0.000000,0.867677,71.516570,107.715037,0,0,0,84.802504,573.000000,8.561836,1.267129,0.203671,1.054503,14.340721,[0 0.6667 1]
1237662305650999364,5,7.282072,-4.606417,41.751605,0.000000,1.814385,41.751605,48.323809,0,0,0,81.834877,1028.000000,97.008995,7.722489,0.468288,1.128164,267.564119,[1 0.6667 0]
1237662305650999364,6,6.681137,-35.850353,87.922278,0.000000,0.464016,87.922278,122.944423,0,0,0,59.798405,445.000000,25.440329,3.418632,0.213183,1.108946,73.040731,[0 0 1]
1237662305650999364,7,11.991894,-26.252146,82.476860,0.000000,0.458244,82.476860,103.391236,0,0,0,47.283117,240.000000,3.312703,0.652646,0.187353,1.176795,146.992468,[0.6667 0 1]
1237662305650999364,8,10.678885,2.039851,105.103319,0.000000,0.444072,103.454021,105.103319,0,0,0,46.335620,476.000000,32.595743,3.172992,0.235245,1.107380,157.219185,[0.6667 1 0]
