gxyName	alenRank	math_initial_theta	pitch_angle	math_initial_radius	relative_theta_start	relative_theta_end	r_start	r_end	used2rev	failed2rev	hasUndefinedEndpoints	arc_length	num_pixels	err_per_len	err_per_pixel	mean_intensity	brt_ratio_score	anovaF_score	clusOutputColor
1237664093973512232	1	9.268711	-10.236218	50.031690	0.000000	1.941654	50.031690	71.042798	0	0	0	118.234662	1472.000000	157.713539	12.667940	0.475202	1.085724	107.914430	[0_1_0]
1237664093973512232	2	10.377896	-25.689486	27.583290	0.000000	1.603920	27.583290	59.665998	0	0	0	74.009625	1483.000000	1085.186340	54.156598	0.556478	1.120707	148.582721	[0_1_1]
1237664093973512232	3	5.830884	-2.343928	66.970440	0.000000	0.925497	66.970440	69.556116	0	0	0	63.222778	1128.000000	595.998995	33.404887	0.409670	1.090341	69.250716	[1_0_1]
1237664093973512232	4	11.040591	17.778275	110.570742	0.000000	0.224635	102.886554	110.570742	0	0	0	25.166477	240.000000	16.579219	1.738502	0.175544	1.057557	53.016495	[0_0_1]
1237664093973512232	5	10.426328	1.596668	112.668672	0.000000	0.159388	112.169213	112.668672	0	0	0	17.925214	106.000000	3.988654	0.674505	0.154484	0.987947	1.537285	[1_1_0]
1237664093973512232	6	9.259174	-15.495841	112.379094	0.000000	0.099967	112.379094	115.537311	0	0	0	11.821073	80.000000	6.453843	0.953642	0.171018	1.034222	5.157609	[1_0_0]
