#SDSS_dr8objid 	 ra 	 dec
1237648673455079669 	 236.247091428774 	 -0.475267502815452
1237648673455079713 	 236.286881374584 	 -0.518010118960407
