gxyName,alenRank,math_initial_theta,pitch_angle,math_initial_radius,relative_theta_start,relative_theta_end,r_start,r_end,used2rev,failed2rev,hasUndefinedEndpoints,arc_length,num_pixels,err_per_len,err_per_pixel,mean_intensity,brt_ratio_score,anovaF_score,clusOutputColor
1237658204498296934,1,-2.522517,-16.681822,12.760960,0.000000,7.684186,12.760960,127.625436,1,0,0,400.145719,6943.000000,792.626134,45.681399,0.500456,1.115865,262.429501,[0.2857 1 0]
1237658204498296934,2,3.626377,-13.017867,37.295883,0.000000,4.064488,37.295883,95.447767,0,0,0,258.160355,4950.000000,809.361543,42.211124,0.463816,1.207435,1025.206346,[0 0.5714 1]
1237658204498296934,3,11.284512,-38.328678,57.940869,0.000000,0.741314,57.940869,104.113380,0,0,0,74.451168,959.000000,177.237707,13.759702,0.370151,1.235798,241.572779,[0 1 0.5714]
1237658204498296934,4,6.233568,-25.642244,100.137489,0.000000,0.537836,100.137489,129.634599,0,0,0,68.161924,804.000000,49.907298,4.231067,0.233018,1.258413,502.466476,[1 0 0.8571]
1237658204498296934,5,9.316139,-32.924616,74.366899,0.000000,0.622734,74.366899,111.302889,0,0,0,67.955111,966.000000,177.128707,12.460457,0.367367,1.327191,486.283556,[1 0 0]
1237658204498296934,6,7.885806,-22.936290,68.950361,0.000000,0.757947,68.950361,95.023298,0,0,0,66.903891,997.000000,465.069026,31.208553,0.336610,1.251176,302.200192,[1 0.8571 0]
1237658204498296934,7,11.568182,43.863783,118.417866,0.000000,0.215487,96.265911,118.417866,0,0,0,31.967783,394.000000,138.185627,11.211899,0.274078,1.357538,349.787374,[0.2857 0 1]
