gxyName,alenRank,math_initial_theta,pitch_angle,math_initial_radius,relative_theta_start,relative_theta_end,r_start,r_end,used2rev,failed2rev,hasUndefinedEndpoints,arc_length,num_pixels,err_per_len,err_per_pixel,mean_intensity,brt_ratio_score,anovaF_score,clusOutputColor
1237648721789256091,1,10.125522,17.398058,85.059794,0.000000,1.488991,53.345430,85.059794,0,0,0,106.065109,1379.000000,530.039738,40.767746,0.493265,1.073793,58.050993,[0 1 0]
1237648721789256091,2,5.792829,50.246325,76.763053,0.000000,1.128089,19.777019,76.763053,0,0,0,74.123275,1169.000000,915.303665,58.037044,0.594503,1.030750,5.935020,[0 0 1]
1237648721789256091,3,10.066568,12.763202,138.809042,0.000000,0.451899,125.303080,138.809042,0,0,0,61.134482,894.000000,69.118807,4.726558,0.205795,1.272223,670.372974,[1 0 0]
1237648721789256091,4,8.084683,-28.577706,42.834932,0.000000,0.944564,42.834932,71.655522,0,0,0,60.249980,766.000000,192.670318,15.154547,0.556115,1.048060,15.652528,[0.6667 1 0]
1237648721789256091,5,6.858325,54.681058,146.291907,0.000000,0.247248,103.197772,146.291907,0,0,0,52.814903,551.000000,164.334985,15.751972,0.220939,1.035760,13.358163,[1 0 0.6667]
1237648721789256091,6,10.820434,-5.183751,104.773590,0.000000,0.379311,104.773590,108.441762,0,0,0,40.599515,344.000000,12.452220,1.469634,0.188088,1.064872,16.927898,[0 1 0.6667]
1237648721789256091,7,7.418944,23.428898,87.877335,0.000000,0.436947,72.718535,87.877335,0,0,0,38.124725,421.000000,76.195944,6.900117,0.388731,1.061825,30.794525,[0 0.6667 1]
1237648721789256091,8,12.152166,-62.508124,93.910833,0.000000,0.106135,93.910833,115.157395,0,0,0,23.951223,239.000000,95.587416,9.579228,0.196839,1.131664,32.780465,[0.6667 0 1]
1237648721789256091,9,9.392142,19.702543,80.175181,0.000000,0.157401,75.781048,80.175181,0,0,0,13.033671,285.000000,589.492117,26.958758,0.390968,1.051454,16.621658,[1 0.6667 0]
