gxyName	alenRank	math_initial_theta	pitch_angle	math_initial_radius	relative_theta_start	relative_theta_end	r_start	r_end	used2rev	failed2rev	hasUndefinedEndpoints	arc_length	num_pixels	err_per_len	err_per_pixel	mean_intensity	brt_ratio_score	anovaF_score	clusOutputColor
1237660614513131530	1	-5.099683	-3.963601	52.685894	0.000000	7.531991	52.685894	88.785885	1	0	0	522.259405	13284.000000	3146.652268	123.710384	0.381196	1.223862	2041.063106	[0_0_1]
1237660614513131530	2	11.973232	-38.510576	125.170973	0.000000	0.157049	125.170973	141.833057	0	0	0	26.759561	269.000000	17.892935	1.779952	0.093243	1.577703	181.909884	[1_0_1]
1237660614513131530	3	11.189655	-26.838186	40.444713	0.000000	0.456020	40.444713	50.941095	0	0	0	23.249226	53.000000	0.642546	0.281862	0.464953	1.026853	13.252228	[0_1_1]
1237660614513131530	4	9.479965	1.618595	120.824340	0.000000	0.177040	120.221404	120.824340	0	0	0	21.345845	284.000000	47.910798	3.601044	0.145837	1.417538	136.766462	[1_0_0]
1237660614513131530	5	10.076585	24.779212	101.344791	0.000000	0.110288	96.314290	101.344791	0	0	0	12.002455	67.000000	4.840905	0.867205	0.198700	1.395846	105.673330	[0_1_0]
1237660614513131530	6	9.090094	-7.647145	89.767650	0.000000	0.066201	89.767650	90.569106	0	0	0	6.022729	25.000000	1.979807	0.476954	0.278710	1.165607	64.244375	[1_1_0]
